Company Name,Job Title,Position_Encoded,min_salary,max_salary,avg_salary,Rating,Location_state_binned,Headquarters_state_binned,works_at_headquarters,Size_cleaned,Company_age,Ownership_Grouped,Industry,Sector,Revenue
Tecolote Research,Data Science,2.0,53.0,91.0,72.0,3.8,Other,ca,No,2.0,52.0,Private,Aerospace & Defense,Industrial & Energy,75000000.0
University of Maryland Medical System,Data Science,2.0,63.0,112.0,87.5,3.4,Other,Other,No,4.0,41.0,Private,Health Care Services & Hospitals,Healthcare & Education,3500000000.0
KnowBe4,Data Science,2.0,80.0,90.0,85.0,4.8,Other,Other,Yes,2.0,15.0,Private,Security Services,Finance & Consulting,300000000.0
PNNL,Data Science,2.0,56.0,97.0,76.5,3.8,Other,Other,Yes,3.0,60.0,Public Service,Energy,Industrial & Energy,597095000.0
Affinity Solutions,Data Science,2.0,86.0,143.0,114.5,2.9,ny,ny,Yes,1.0,27.0,Private,Advertising & Marketing,Finance & Consulting,57185000.0
CyrusOne,Data Science,2.0,71.0,119.0,95.0,3.4,Other,Other,Yes,2.0,25.0,Public,Real Estate,Other Services,1500000000.0
ClearOne Advantage,Data Science,2.0,54.0,93.0,73.5,4.1,Other,Other,Yes,2.0,17.0,Private,Banks & Credit Unions,Finance & Consulting,216425000.0
Logic20/20,Data Science,2.0,86.0,142.0,114.0,3.8,ca,Other,No,2.0,20.0,Private,Consulting,Finance & Consulting,37500000.0
Rochester Regional Health,Research,2.0,38.0,84.0,61.0,3.3,ny,ny,Yes,4.0,11.0,Public Service,Health Care Services & Hospitals,Healthcare & Education,3895000000.0
<intent>,Data Science,2.0,120.0,160.0,140.0,4.6,ny,ny,Yes,1.0,16.0,Private,Internet,Technology,300000000.0
Wish,Data Science,2.0,126.0,201.0,163.5,3.5,ca,ca,No,2.0,14.0,Private,Other Retail Stores,Consumer & Retail,1500000000.0
ManTech,Data Science,2.0,64.0,106.0,85.0,4.1,va,va,No,3.0,57.0,Public,Research & Development,Finance & Consulting,1500000000.0
Walmart,Data Science,3.0,106.0,172.0,139.0,3.2,Other,Other,No,4.0,63.0,Public,"Department, Clothing, & Shoe Stores",Consumer & Retail,10000000000.0
Yesler,Data Analysis,2.0,46.0,85.0,65.5,4.1,Other,Other,Yes,2.0,13.0,Private,Advertising & Marketing,Finance & Consulting,210275000.0
Audible,Data Engineering,2.0,102.0,190.0,146.0,3.6,Other,Other,Yes,3.0,30.0,Private,Motion Picture Production & Distribution,Other Services,652480000.0
Blueprint Medicines,Others,2.0,67.0,137.0,102.0,3.9,ma,ma,Yes,1.0,14.0,Public,Biotech & Pharmaceuticals,Healthcare & Education,3000000.0
h2o.ai,Data Science,2.0,118.0,189.0,153.5,4.3,ca,ca,Yes,2.0,14.0,Private,Enterprise Software & Network Solutions,Technology,140450000.0
Nuna,Data Science,2.0,110.0,175.0,142.5,4.2,ca,ca,Yes,1.0,15.0,Private,Enterprise Software & Network Solutions,Technology,13280000.0
Pinnacol Assurance,Data Science,2.0,64.0,111.0,87.5,4.0,Other,Other,Yes,2.0,110.0,Public Service,Insurance Carriers,Finance & Consulting,381975000.0
Porch,Data Science,2.0,81.0,130.0,105.5,3.2,Other,Other,Yes,2.0,13.0,Private,Internet,Technology,87555000.0
Health IQ,Data Science,4.0,73.0,119.0,96.0,3.9,Other,ca,No,2.0,12.0,Private,Insurance Agencies & Brokerages,Finance & Consulting,149225000.0
Truckstop.com,Data Science,2.0,86.0,139.0,112.5,3.8,il,Other,No,2.0,30.0,Private,Logistics & Supply Chain,Industrial & Energy,130125000.0
SMC 3,Data Science,2.0,63.0,105.0,84.0,4.3,Other,Other,No,1.0,90.0,Public Service,Logistics & Supply Chain,Industrial & Energy,17500000.0
Mars,Data Science,2.0,68.0,117.0,92.5,3.9,Other,va,No,4.0,114.0,Private,Food & Beverage Manufacturing,Industrial & Energy,10000000000.0
Novetta,Data Science,2.0,109.0,177.0,143.0,4.0,va,va,No,2.0,13.0,Private,Enterprise Software & Network Solutions,Technology,300000000.0
Pfizer,Data Science,2.0,63.0,110.0,86.5,4.0,ma,ny,No,4.0,176.0,Public,Biotech & Pharmaceuticals,Healthcare & Education,10000000000.0
First Tech Federal Credit Union,Data Science,2.0,75.0,124.0,99.5,3.5,Other,ca,No,3.0,73.0,Private,Banks & Credit Unions,Finance & Consulting,300000000.0
The Hanover Insurance Group,Data Analysis,1.0,34.0,61.0,47.5,3.7,ma,ma,Yes,3.0,173.0,Public,Insurance Carriers,Finance & Consulting,7500000000.0
Pfizer,Data Science,2.0,63.0,105.0,84.0,4.0,Other,ny,No,4.0,176.0,Public,Biotech & Pharmaceuticals,Healthcare & Education,10000000000.0
Amrock,Data Science,2.0,72.0,120.0,96.0,3.6,Other,Other,Yes,3.0,28.0,Private,Real Estate,Other Services,205995000.0
Novartis,Data Science,2.0,86.0,143.0,114.5,3.8,ma,Other,No,4.0,29.0,Public,Biotech & Pharmaceuticals,Healthcare & Education,10000000000.0
Juniper Networks,Data Science,2.0,93.0,149.0,121.0,3.8,ca,ca,Yes,3.0,29.0,Public,Telecommunications Services,Technology,3500000000.0
New England Biolabs,Data Science,2.0,85.0,140.0,112.5,4.7,ma,ma,Yes,2.0,51.0,Private,Biotech & Pharmaceuticals,Healthcare & Education,177110000.0
Clarity Insights,Data Analysis,2.0,77.0,135.0,106.0,4.2,ca,il,No,2.0,17.0,Private,IT Services,Technology,62500000.0
Esri,Data Science,2.0,82.0,132.0,107.0,3.5,ca,ca,Yes,3.0,56.0,Private,Computer Hardware & Software,Technology,1500000000.0
Systems & Technology Research,Data Science,2.0,83.0,137.0,110.0,4.7,ma,ma,Yes,2.0,15.0,Private,Aerospace & Defense,Industrial & Energy,300000000.0
Sartorius,Data Science,4.0,115.0,180.0,147.5,3.5,ca,Other,No,3.0,155.0,Public,Biotech & Pharmaceuticals,Healthcare & Education,1500000000.0
Lancer Insurance,Data Engineering,2.0,74.0,138.0,106.0,3.5,ny,ny,Yes,2.0,40.0,Private,Insurance Carriers,Finance & Consulting,300000000.0
Sauce Labs,Data Analysis,2.0,64.0,112.0,88.0,4.2,ca,ca,Yes,2.0,17.0,Private,IT Services,Technology,75000000.0
Amount,Data Science,2.0,92.0,149.0,121.0,4.1,il,ny,No,2.0,10.0,Private,Enterprise Software & Network Solutions,Technology,109080000.0
Edgewell Personal Care,Others,2.0,52.0,113.0,82.5,3.4,Other,Other,No,3.0,10.0,Public,Consumer Products Manufacturing,Industrial & Energy,3500000000.0
Equity Residential,Data Science,4.0,110.0,150.0,130.0,4.3,il,il,Yes,3.0,32.0,Public,Real Estate,Other Services,3500000000.0
Brightside,Data Science,2.0,77.0,126.0,100.5,5.0,Other,ca,No,1.0,8.0,Private,Investment Banking & Asset Management,Finance & Consulting,32970000.0
Visa Inc.,Data Science,6.0,158.0,211.0,184.5,3.7,Other,ca,No,4.0,67.0,Public,IT Services,Technology,10000000000.0
Intrado,Data Analysis,1.0,20.0,39.0,29.5,3.1,Other,Other,No,3.0,39.0,Private,Enterprise Software & Network Solutions,Technology,3500000000.0
Centauri,Others,2.0,56.0,117.0,86.5,4.7,Other,va,No,2.0,26.0,Private,Aerospace & Defense,Industrial & Energy,300000000.0
Caterpillar,Data Science,2.0,63.0,99.0,81.0,3.7,il,il,No,4.0,100.0,Public,Industrial Manufacturing,Industrial & Energy,10000000000.0
Anson McCade,Data Engineering,2.0,65.0,119.0,92.0,4.5,il,Other,No,1.0,25.0,Private,Staffing & Outsourcing,Finance & Consulting,3000000.0
Zimmerman Advertising,Data Science,2.0,68.0,114.0,91.0,3.8,Other,Other,Yes,2.0,41.0,Private,Advertising & Marketing,Finance & Consulting,134050000.0
Liberty Mutual Insurance,Data Science,2.0,86.0,143.0,114.5,3.3,ma,ma,Yes,4.0,113.0,Private,Insurance Carriers,Finance & Consulting,10000000000.0
"Torch Technologies, Inc.",Data Science,2.0,41.0,95.0,68.0,4.6,Other,ny,No,3.0,23.0,Private,Aerospace & Defense,Industrial & Energy,300000000.0
Swiss Re,Data Science,2.0,86.0,144.0,115.0,3.7,ny,Other,No,4.0,162.0,Public,Insurance Agencies & Brokerages,Finance & Consulting,10000000000.0
Northrop Grumman,Data Science,2.0,80.0,139.0,109.5,3.7,ca,va,No,4.0,86.0,Public,Aerospace & Defense,Industrial & Energy,10000000000.0
Sartorius,Data Science,2.0,56.0,95.0,75.5,3.5,Other,Other,No,3.0,155.0,Public,Biotech & Pharmaceuticals,Healthcare & Education,1500000000.0
Netskope,Data Science,2.0,120.0,189.0,154.5,4.1,ca,ca,No,2.0,13.0,Private,Enterprise Software & Network Solutions,Technology,115100000.0
1904labs,Data Science,2.0,111.0,176.0,143.5,4.7,Other,Other,Yes,1.0,9.0,Private,IT Services,Technology,10055000.0
Amica Mutual,Data Analysis,2.0,43.0,77.0,60.0,3.1,Other,Other,Yes,3.0,118.0,Private,Insurance Carriers,Finance & Consulting,1500000000.0
The David J. Joseph Company,Data Science,4.0,82.0,132.0,107.0,4.4,Other,Other,Yes,2.0,140.0,Private,Metals Brokers,Industrial & Energy,709075000.0
USEReady,Data Science,2.0,84.0,146.0,115.0,4.3,ny,ny,Yes,2.0,14.0,Private,Consulting,Finance & Consulting,17500000.0
Bill.com,Data Science,4.0,107.0,172.0,139.5,3.8,ny,ca,No,2.0,19.0,Public,Financial Transaction Processing,Finance & Consulting,75000000.0
Pacific Northwest National Laboratory,Data Science,2.0,49.0,85.0,67.0,3.8,Other,Other,Yes,3.0,60.0,Public Service,Energy,Industrial & Energy,597095000.0
Blue Owl,Data Science,2.0,92.0,149.0,121.0,4.5,ca,ny,No,1.0,9.0,Private,Internet,Technology,59565000.0
DICK'S Sporting Goods - Corporate,Data Science,2.0,61.0,109.0,85.0,3.8,pa,ny,No,4.0,77.0,Public,Sporting Goods Stores,Consumer & Retail,7500000000.0
Berg Health,Data Science,2.0,88.0,148.0,118.0,2.8,ma,ma,Yes,1.0,19.0,Private,Biotech & Pharmaceuticals,Healthcare & Education,3000000.0
Oversight Systems,Data Science,2.0,60.0,99.0,79.5,4.7,Other,Other,Yes,1.0,22.0,Private,Computer Hardware & Software,Technology,37500000.0
C Space,Data Science,2.0,41.0,72.0,56.5,3.1,ma,ma,Yes,2.0,26.0,Public,Advertising & Marketing,Finance & Consulting,300000000.0
HP Inc.,Research,2.0,65.0,130.0,97.5,4.0,Other,ca,No,4.0,86.0,Public,Computer Hardware & Software,Technology,9125000000.0
EAG Laboratories,Others,2.0,50.0,102.0,76.0,2.7,Other,ca,No,2.0,47.0,Private,Research & Development,Finance & Consulting,75000000.0
The Buffalo Group,Data Science,4.0,85.0,139.0,112.0,3.9,va,va,No,2.0,15.0,Private,IT Services,Technology,300000000.0
Carmeuse,Data Science,2.0,74.0,122.0,98.0,3.1,pa,Other,No,3.0,165.0,Private,Mining,Industrial & Energy,1500000000.0
HP Inc.,Data Science,4.0,99.0,157.0,128.0,4.0,Other,ca,No,4.0,86.0,Public,Computer Hardware & Software,Technology,9200000000.0
h2o.ai,Data Science,2.0,79.0,222.0,150.5,4.3,ca,ca,Yes,2.0,14.0,Private,Enterprise Software & Network Solutions,Technology,143875000.0
GNS Healthcare,Research,2.0,57.0,118.0,87.5,1.9,ma,ma,Yes,1.0,25.0,Private,Biotech & Pharmaceuticals,Healthcare & Education,17500000.0
Peraton,Data Science,2.0,83.0,137.0,110.0,3.3,ny,va,No,3.0,8.0,Private,Aerospace & Defense,Industrial & Energy,1500000000.0
Pactera,Data Science,2.0,86.0,141.0,113.5,4.4,ca,Other,No,4.0,30.0,Private,IT Services,Technology,10000000000.0
Nurx,Data Science,2.0,94.0,154.0,124.0,3.9,ca,ca,Yes,1.0,9.0,Private,Health Care Services & Hospitals,Healthcare & Education,3000000.0
webfx.com,Data Analysis,1.0,37.0,76.0,56.5,4.7,pa,pa,Yes,2.0,28.0,Private,Advertising & Marketing,Finance & Consulting,37500000.0
Johns Hopkins University Applied Physics Laboratory,Data Science,2.0,100.0,160.0,130.0,4.5,Other,Other,Yes,3.0,83.0,Public Service,Aerospace & Defense,Industrial & Energy,1500000000.0
Productive Edge,Data Analysis,2.0,55.0,100.0,77.5,4.3,il,il,Yes,1.0,17.0,Private,Computer Hardware & Software,Technology,17500000.0
Excella Consulting,Data Engineering,2.0,60.0,114.0,87.0,4.0,va,va,Yes,2.0,23.0,Private,Consulting,Finance & Consulting,75000000.0
Gensco,Data Analysis,2.0,39.0,68.0,53.5,4.4,Other,Other,Yes,2.0,77.0,Private,Wholesale,Finance & Consulting,300000000.0
goTRG,Data Science,2.0,64.0,107.0,85.5,4.2,Other,Other,Yes,2.0,17.0,Private,Enterprise Software & Network Solutions,Technology,300000000.0
NMR Consulting,Others,2.0,31.0,65.0,48.0,4.5,Other,va,No,1.0,29.0,Private,IT Services,Technology,37500000.0
Kodiak Robotics,Machine Learning,2.0,91.0,159.0,125.0,4.9,ca,ca,Yes,1.0,7.0,Private,Computer Hardware & Software,Technology,18620000.0
iSeatz,Data Analysis,2.0,34.0,62.0,48.0,3.5,Other,Other,Yes,1.0,26.0,Private,Enterprise Software & Network Solutions,Technology,31275000.0
Nektar Therapeutics,Others,4.0,117.0,231.0,174.0,3.5,ca,ca,Yes,2.0,35.0,Public,Biotech & Pharmaceuticals,Healthcare & Education,300000000.0
TransUnion,Data Science,2.0,64.0,106.0,85.0,3.9,Other,il,No,3.0,57.0,Public,Financial Analytics & Research,Finance & Consulting,1500000000.0
Peterson Technology Partners,Data Science,2.0,92.0,149.0,121.0,4.0,Other,il,No,2.0,28.0,Private,Computer Hardware & Software,Technology,37500000.0
IT Concepts,Others,2.0,79.0,134.0,106.5,4.7,Other,va,No,1.0,22.0,Private,IT Services,Technology,17500000.0
Scientific Research Corporation,Data Analysis,2.0,52.0,93.0,72.5,4.2,Other,Other,No,3.0,37.0,Private,IT Services,Technology,300000000.0
General Dynamics Information Technology,Others,2.0,55.0,116.0,85.5,3.4,Other,va,No,4.0,29.0,Private,IT Services,Technology,10000000000.0
MITRE,Data Science,2.0,72.0,123.0,97.5,3.2,va,ma,No,3.0,67.0,Public Service,Federal Agencies,Other Services,1500000000.0
The Buffalo Group,Data Science,2.0,74.0,124.0,99.0,3.9,va,va,No,2.0,15.0,Private,IT Services,Technology,300000000.0
DentaQuest,Data Analysis,2.0,40.0,73.0,56.5,3.1,Other,ma,No,3.0,24.0,Private,Insurance Carriers,Finance & Consulting,3500000000.0
Alector,Others,2.0,56.0,107.0,78.5,5.0,ca,ca,Yes,1.0,12.0,Public,Biotech & Pharmaceuticals,Healthcare & Education,56350000.0
7Park Data,Data Science,2.0,89.0,153.0,121.0,3.8,ny,ny,Yes,1.0,13.0,Private,Research & Development,Finance & Consulting,41520000.0
Rapid Response Monitoring,Data Science,2.0,61.0,110.0,85.5,4.7,ny,ny,Yes,2.0,33.0,Private,Security Services,Finance & Consulting,206225000.0
NuWave Solutions,Data Engineering,2.0,61.5,113.5,87.25,4.5,Other,va,No,1.0,26.0,Private,IT Services,Technology,7500000.0
Trilogy Ed,Data Science,2.0,65.0,110.0,87.5,4.3,Other,ny,No,3.0,10.0,Private,Education Training Services,Healthcare & Education,139285000.0
Gallup,Data Science,4.0,200.0,275.0,237.5,4.2,Other,Other,Yes,3.0,90.0,Private,Consulting,Finance & Consulting,902045000.0
CapTech,Data Engineering,2.0,68.0,123.0,95.5,3.9,Other,va,No,3.0,28.0,Private,IT Services,Technology,300000000.0
American Axle & Manufacturing,Data Science,4.0,80.0,129.0,104.5,3.3,Other,Other,No,4.0,31.0,Public,Transportation Equipment Manufacturing,Industrial & Energy,7500000000.0
CentralReach,Data Analysis,2.0,41.0,72.0,56.5,4.7,Other,Other,No,2.0,13.0,Private,Computer Hardware & Software,Technology,169100000.0
Integrate,Data Analysis,4.0,39.0,71.0,55.0,4.3,Other,Other,Yes,2.0,15.0,Private,Enterprise Software & Network Solutions,Technology,37500000.0
Boys Town Hospital,Research,2.0,38.0,85.0,61.5,2.9,Other,Other,Yes,3.0,48.0,Public Service,Health Care Services & Hospitals,Healthcare & Education,308550000.0
Demandbase,Data Science,2.0,121.0,193.0,157.0,4.5,ca,ca,Yes,2.0,19.0,Private,Computer Hardware & Software,Technology,300000000.0
Sapphire Digital,Data Engineering,2.0,54.0,102.0,78.0,3.4,Other,Other,Yes,2.0,6.0,Private,Internet,Technology,84780000.0
Formation,Data Science,2.0,102.0,163.0,132.5,3.2,ca,ca,Yes,1.0,10.0,Private,Enterprise Software & Network Solutions,Technology,15440000.0
Autodesk,Data Engineering,2.0,76.0,140.0,108.0,4.0,ca,ca,No,3.0,43.0,Public,Computer Hardware & Software,Technology,3500000000.0
Beck's Hybrids,Data Science,2.0,60.0,101.0,80.5,4.6,Other,Other,Yes,2.0,88.0,Private,Farm Support Services,Other Services,75000000.0
DrFirst,Data Science,2.0,82.0,133.0,107.5,2.8,Other,Other,Yes,2.0,25.0,Private,Health Care Services & Hospitals,Healthcare & Education,91875000.0
Object Partners,Data Engineering,2.0,65.0,125.0,95.0,4.7,Other,Other,Yes,1.0,29.0,Private,Consulting,Finance & Consulting,37500000.0
L.A. Care Health Plan,Data Science,2.0,91.0,148.0,119.5,3.0,ny,ca,No,3.0,28.0,Public Service,Health Care Services & Hospitals,Healthcare & Education,482270000.0
Red Ventures,Data Engineering,4.0,95.0,173.0,134.0,3.2,Other,Other,No,3.0,25.0,Private,Advertising & Marketing,Finance & Consulting,1500000000.0
Quick Base,Data Science,2.0,77.0,124.0,100.5,4.4,ma,ma,Yes,2.0,26.0,Private,Enterprise Software & Network Solutions,Technology,131525000.0
The E.W. Scripps Company,Data Science,2.0,80.0,135.0,107.5,3.5,Other,Other,Yes,3.0,147.0,Public,TV Broadcast & Cable Networks,Other Services,2485000000.0
Upside Business Travel,Data Engineering,2.0,85.0,159.0,122.0,4.0,Other,Other,Yes,1.0,10.0,Private,Internet,Technology,32190000.0
Equity Residential,Data Engineering,2.0,80.0,105.0,92.5,4.3,il,il,Yes,3.0,32.0,Public,Real Estate,Other Services,3500000000.0
Synagro,Data Analysis,2.0,43.0,81.0,62.0,2.3,Other,Other,Yes,2.0,39.0,Private,Research & Development,Finance & Consulting,300000000.0
Alliance Source Testing,Others,2.0,29.0,50.0,39.5,4.0,Other,Other,No,1.0,25.0,Private,Architectural & Engineering Services,Finance & Consulting,37500000.0
Mars,Data Science,4.0,81.0,130.5,105.75,3.9,Other,va,No,4.0,114.0,Private,Food & Beverage Manufacturing,Industrial & Energy,10000000000.0
Accuride International,Data Science,2.0,82.0,133.0,107.5,3.6,Other,ca,No,3.0,59.0,Private,Industrial Manufacturing,Industrial & Energy,300000000.0
Full Potential Solutions,Data Analysis,5.0,26.0,55.0,40.5,3.8,Other,Other,Yes,2.0,8.0,Private,Staffing & Outsourcing,Finance & Consulting,169475000.0
Visa Inc.,Data Science,4.0,61.0,118.0,89.5,3.7,va,ca,No,4.0,67.0,Public,IT Services,Technology,10000000000.0
Maven Wave Partners,Data Science,2.0,60.0,102.0,81.0,4.4,il,il,Yes,2.0,17.0,Private,Consulting,Finance & Consulting,75000000.0
Novetta,Data Science,4.0,112.0,182.0,147.0,4.0,va,va,No,2.0,13.0,Private,Enterprise Software & Network Solutions,Technology,300000000.0
Dynetics,Others,1.0,51.0,112.0,81.5,3.8,Other,Other,Yes,3.0,51.0,Private,Aerospace & Defense,Industrial & Energy,300000000.0
"First Command Financial Services, Inc.",Data Science,2.0,64.0,106.0,85.0,3.2,Other,Other,Yes,3.0,67.0,Private,Brokerage Services,Finance & Consulting,300000000.0
Pharmavite,Others,1.0,51.0,112.0,81.5,2.9,ca,ca,No,3.0,54.0,Private,Consumer Products Manufacturing,Industrial & Energy,1500000000.0
BioMarin Pharmaceutical,Others,2.0,113.0,223.0,168.0,3.8,ca,ca,No,3.0,28.0,Public,Biotech & Pharmaceuticals,Healthcare & Education,3465750000.0
PA Consulting,Data Science,2.0,71.0,123.0,97.0,3.4,ny,Other,No,3.0,82.0,Private,Consulting,Finance & Consulting,300000000.0
Apellis Pharmaceuticals,Others,4.0,95.0,184.5,139.75,4.1,ma,ma,Yes,2.0,17.0,Public,Biotech & Pharmaceuticals,Healthcare & Education,153610000.0
Gridiron IT,Data Engineering,2.0,120.0,145.0,132.5,5.0,Other,va,No,1.0,8.0,Private,IT Services,Technology,15650000.0
Productive Edge,Data Engineering,2.0,80.0,120.0,100.0,4.3,il,il,Yes,1.0,17.0,Private,Computer Hardware & Software,Technology,17500000.0
Evolve Vacation Rental,Data Science,4.0,80.0,130.0,105.0,3.7,Other,Other,Yes,2.0,14.0,Private,Travel Agencies,Other Services,677000000.0
Maximus Real Estate Partners,Data Analysis,2.0,71.0,136.0,103.5,4.3,ca,ca,Yes,1.0,12.0,Private,Real Estate,Other Services,488710000.0
Software Engineering Institute,Research,4.0,81.0,167.0,124.0,2.6,ny,pa,No,2.0,41.0,Public Service,Colleges & Universities,Healthcare & Education,229835000.0
PNNL,Data Science,2.0,49.0,85.0,67.0,3.8,Other,Other,Yes,3.0,60.0,Public Service,Energy,Industrial & Energy,597095000.0
AVANADE,Data Engineering,2.0,60.0,114.0,87.0,3.9,Other,Other,No,4.0,25.0,Private,IT Services,Technology,3500000000.0
h2o.ai,Data Science,2.0,71.0,204.0,137.5,4.3,il,ca,No,2.0,14.0,Private,Enterprise Software & Network Solutions,Technology,134675000.0
PatientPoint,Data Science,6.0,75.0,125.0,100.0,3.8,Other,Other,Yes,2.0,38.0,Private,Advertising & Marketing,Finance & Consulting,300000000.0
"Insight Enterprises, Inc.",Data Analysis,2.0,50.0,80.0,62.5,4.1,Other,Other,No,3.0,37.0,Public,Enterprise Software & Network Solutions,Technology,7500000000.0
BlueCross BlueShield of Tennessee,Data Engineering,2.0,77.0,136.0,106.5,3.8,Other,Other,Yes,3.0,80.0,Public Service,Insurance Carriers,Finance & Consulting,7500000000.0
PNNL,Data Science,4.0,74.0,123.0,98.5,3.8,Other,Other,Yes,3.0,60.0,Public Service,Energy,Industrial & Energy,714965000.0
Alector,Others,4.0,95.0,184.5,139.75,5.0,ca,ca,No,1.0,12.0,Public,Biotech & Pharmaceuticals,Healthcare & Education,56180000.0
KnowBe4,Data Analysis,4.0,44.0,78.0,61.0,4.8,Other,Other,Yes,2.0,15.0,Private,Security Services,Finance & Consulting,300000000.0
KSM Consulting,Data Science,4.0,65.0,148.0,106.5,4.4,Other,Other,Yes,1.0,17.0,Private,Consulting,Finance & Consulting,21505000.0
Cogo Labs,Data Engineering,2.0,59.0,110.0,84.5,3.9,ma,ma,Yes,1.0,20.0,Private,Internet,Technology,33975000.0
Church & Dwight,Data Analysis,5.0,85.0,134.0,109.5,3.4,Other,Other,Yes,3.0,179.0,Public,Consumer Products Manufacturing,Industrial & Energy,3500000000.0
MassMutual,Data Science,6.0,124.0,204.0,164.0,3.6,ma,ma,No,3.0,174.0,Private,Insurance Carriers,Finance & Consulting,10000000000.0
Genentech,Data Science,4.0,131.0,207.0,169.0,3.9,ca,ca,Yes,4.0,49.0,Private,Biotech & Pharmaceuticals,Healthcare & Education,10000000000.0
Juniper Networks,Data Science,4.0,110.0,174.0,142.0,3.8,ca,ca,No,3.0,29.0,Public,Telecommunications Services,Technology,3500000000.0
"Volume Integration, LLC",Data Science,2.0,68.0,117.0,92.5,4.4,va,va,No,1.0,12.0,Private,Aerospace & Defense,Industrial & Energy,17500000.0
Legal & General America,Data Science,2.0,81.0,133.0,107.0,3.8,Other,Other,Yes,2.0,44.0,Private,Insurance Carriers,Finance & Consulting,230225000.0
Western Digital,Data Science,3.0,132.0,211.0,171.5,3.5,ca,ca,Yes,4.0,55.0,Public,Computer Hardware & Software,Technology,10000000000.0
CACI International,Data Science,2.0,68.0,117.0,92.5,3.5,Other,va,No,4.0,63.0,Public,Aerospace & Defense,Industrial & Energy,3500000000.0
Sunovion,Others,4.0,100.0,190.0,145.0,3.5,ma,ma,Yes,3.0,15.0,Private,Biotech & Pharmaceuticals,Healthcare & Education,1500000000.0
National Student Clearinghouse,Data Analysis,4.0,43.0,80.0,61.5,2.9,va,va,Yes,2.0,32.0,Public Service,Colleges & Universities,Healthcare & Education,37500000.0
Tower Health,Medical/Healthcare,2.0,17.0,24.0,20.5,3.6,pa,pa,No,3.0,8.0,Public Service,Health Care Services & Hospitals,Healthcare & Education,266215000.0
State of Wisconsin Investment Board,Data Science,2.0,91.0,149.0,120.0,2.7,Other,Other,Yes,1.0,74.0,Public Service,Investment Banking & Asset Management,Finance & Consulting,75000000.0
Rubius Therapeutics,Others,2.0,42.0,82.0,62.0,4.4,ma,ma,Yes,2.0,12.0,Public,Biotech & Pharmaceuticals,Healthcare & Education,300000000.0
Autodesk,Data Science,4.0,116.0,185.0,150.5,4.0,ca,ca,No,3.0,43.0,Public,Computer Hardware & Software,Technology,3500000000.0
OneMagnify,Data Analysis,5.0,59.0,116.0,87.5,4.3,Other,Other,No,2.0,58.0,Private,Advertising & Marketing,Finance & Consulting,119125000.0
IZEA,Data Engineering,2.0,48.0,95.0,71.5,4.2,Other,Other,Yes,1.0,19.0,Public,Advertising & Marketing,Finance & Consulting,37500000.0
Vionic Group,Data Analysis,2.0,31.0,72.0,51.5,3.6,ca,ca,Yes,1.0,19.0,Private,"Department, Clothing, & Shoe Stores",Consumer & Retail,300000000.0
Dodge Data & Analytics,Data Analysis,4.0,55.0,100.0,77.5,2.8,Other,Other,Yes,2.0,11.0,Private,IT Services,Technology,88825000.0
Plymouth Rock Assurance,Data Science,4.0,73.0,124.0,98.5,3.3,Other,ma,No,3.0,43.0,Private,Insurance Carriers,Finance & Consulting,17500000.0
CA-One Tech Cloud,Data Science,7.0,200.0,250.0,225.0,3.770932754880694,ca,ca,No,1.0,8.0,Private,IT Services,Technology,7500000.0
Beebe Healthcare,Medical/Healthcare,2.0,21.0,34.0,27.5,3.6,Other,Other,Yes,3.0,90.0,Public Service,Health Care Services & Hospitals,Healthcare & Education,300000000.0
Argo Group US,Data Science,4.0,111.0,183.0,147.0,3.4,ny,Other,No,3.0,77.0,Public,Insurance Carriers,Finance & Consulting,1500000000.0
Associated Electric Cooperative,Data Analysis,2.0,44.0,78.0,61.0,4.1,Other,Other,Yes,2.0,64.0,Private,Energy,Industrial & Energy,1500000000.0
Software Engineering Institute,Machine Learning,2.0,81.0,159.0,120.0,2.6,ny,pa,No,2.0,41.0,Public Service,Colleges & Universities,Healthcare & Education,216710000.0
Zest AI,Data Science,4.0,114.0,182.0,148.0,3.9,ca,ca,Yes,1.0,16.0,Private,Financial Analytics & Research,Finance & Consulting,75000000.0
DECISIVE ANALYTICS Corporation,Data Analysis,2.0,42.0,76.0,59.0,4.7,Other,va,No,1.0,29.0,Private,Aerospace & Defense,Industrial & Energy,37500000.0
Peterson Technology Partners,Data Science,4.0,108.0,171.0,139.5,4.0,il,il,No,2.0,28.0,Private,Computer Hardware & Software,Technology,37500000.0
Apellis Pharmaceuticals,Others,2.0,56.0,107.0,78.5,4.1,ca,ma,No,2.0,17.0,Public,Biotech & Pharmaceuticals,Healthcare & Education,113425000.0
The Hanover Insurance Group,Data Science,6.0,114.0,179.0,146.5,3.7,ma,ma,Yes,3.0,173.0,Public,Insurance Carriers,Finance & Consulting,7500000000.0
Aptonet Inc,Machine Learning,2.0,91.0,159.0,125.0,5.0,Other,Other,Yes,2.0,21.0,Private,IT Services,Technology,109350000.0
Tempus Labs,Machine Learning,4.0,100.0,166.0,133.0,3.0,il,il,Yes,2.0,10.0,Private,Biotech & Pharmaceuticals,Healthcare & Education,121650000.0
Recursion Pharmaceuticals,Data Science,7.0,108.0,173.0,140.5,4.7,Other,Other,Yes,1.0,12.0,Private,Biotech & Pharmaceuticals,Healthcare & Education,3000000.0
BioMarin Pharmaceutical,Data Engineering,2.0,65.0,124.0,94.5,3.8,ca,ca,No,3.0,28.0,Public,Biotech & Pharmaceuticals,Healthcare & Education,3160000000.0
Rochester Regional Health,Others,7.0,54.0,115.0,84.5,3.3,ny,ny,Yes,4.0,11.0,Public Service,Health Care Services & Hospitals,Healthcare & Education,3805000000.0
ClearEdge,Software Engineering,2.0,60.0,127.0,93.5,4.0,Other,Other,Yes,1.0,23.0,Private,Computer Hardware & Software,Technology,7500000.0
Rubius Therapeutics,Others,4.0,90.0,179.0,134.5,4.4,ma,ma,Yes,2.0,12.0,Public,Biotech & Pharmaceuticals,Healthcare & Education,300000000.0
OSI Engineering,Data Science,2.0,77.0,126.0,100.5,4.4,ca,ca,No,1.0,15.0,Private,Staffing & Outsourcing,Finance & Consulting,37500000.0
Tapjoy,Machine Learning,3.0,138.0,224.0,181.0,3.9,ca,ca,Yes,2.0,18.0,Private,Internet,Technology,17500000.0
Credit Sesame,Data Engineering,6.0,190.0,220.0,205.0,4.1,ca,ca,Yes,1.0,15.0,Private,Internet,Technology,75000000.0
Octane,Data Engineering,4.0,87.0,158.0,122.5,4.2,Other,ny,No,1.0,11.0,Private,Lending,Finance & Consulting,42485000.0
San Manuel Casino,Data Analysis,2.0,35.0,62.0,48.5,3.6,ca,ca,Yes,3.0,39.0,Private,Gambling,Other Services,300000000.0
Texas Health Huguley Hospital,Medical/Healthcare,2.0,18.0,25.0,21.5,4.0,Other,Other,No,3.0,48.0,Public Service,Health Care Services & Hospitals,Healthcare & Education,75000000.0
GSN Games,Data Science,4.0,68.0,114.5,91.25,4.5,ca,ma,No,2.0,26.0,Private,Video Games,Other Services,2598500000.0
Software Engineering Institute,Machine Learning,4.0,81.0,167.0,124.0,2.6,pa,pa,Yes,2.0,41.0,Public Service,Colleges & Universities,Healthcare & Education,335955000.0
Central California Alliance for Health,Data Analysis,5.0,42.0,86.0,64.0,3.5,ca,ca,Yes,2.0,29.0,Public Service,Health Care Services & Hospitals,Healthcare & Education,143475000.0
Pilot Flying J Travel Centers LLC,Data Engineering,4.0,69.0,127.0,98.0,3.0,Other,Other,Yes,4.0,67.0,Private,Gas Stations,Consumer & Retail,10000000000.0
Beebe Healthcare,Medical/Healthcare,2.0,21.0,34.0,27.5,3.6,Other,Other,No,3.0,90.0,Public Service,Health Care Services & Hospitals,Healthcare & Education,300000000.0
Palermo's Pizza,Software Engineering,2.0,40.0,68.0,54.0,3.3,Other,Other,Yes,2.0,61.0,Private,Food & Beverage Manufacturing,Industrial & Energy,235500000.0
Advanced BioScience Laboratories,Others,3.0,49.0,113.0,81.0,2.7,Other,Other,Yes,2.0,64.0,Private,Biotech & Pharmaceuticals,Healthcare & Education,37500000.0
Echo Global Logistics,Data Engineering,4.0,75.0,140.0,107.5,3.4,il,il,Yes,3.0,20.0,Public,Transportation Management,Industrial & Energy,3500000000.0
Lockheed Martin,Data Science,2.0,66.0,112.0,89.0,3.7,va,Other,No,4.0,30.0,Public,Aerospace & Defense,Industrial & Energy,10000000000.0
Acuity Insurance,Data Science,4.0,76.0,125.0,100.5,4.8,Other,Other,Yes,3.0,100.0,Private,Insurance Carriers,Finance & Consulting,1500000000.0
Fareportal,Data Analysis,2.0,44.0,86.0,65.0,3.8,ny,ny,Yes,3.0,23.0,Private,Travel Agencies,Other Services,3500000000.0
"Veterans Affairs, Veterans Health Administration",Medical/Healthcare,2.0,15.0,25.0,20.0,3.4,Other,Other,No,4.0,95.0,Public Service,Federal Agencies,Other Services,9805000000.0
Credera,Data Science,2.0,53.0,92.0,72.5,4.3,Other,Other,Yes,2.0,26.0,Private,Consulting,Finance & Consulting,107475000.0
Daugherty Business Solutions,Data Analysis,2.0,50.0,80.0,62.5,4.3,Other,Other,No,3.0,40.0,Private,IT Services,Technology,300000000.0
Spectrum Communications and Consulting,Data Science,2.0,64.0,111.0,87.5,3.4,il,il,Yes,1.0,33.0,Private,Advertising & Marketing,Finance & Consulting,17500000.0
NCSOFT,Data Analysis,2.0,65.0,120.0,92.5,3.1,ca,Other,No,3.0,28.0,Public,Video Games,Other Services,10000000000.0
MITRE,Data Science,1.0,60.0,103.0,81.5,3.2,va,ma,No,3.0,67.0,Public Service,Federal Agencies,Other Services,1500000000.0
"Dayton Freight Lines, Inc.",Data Analysis,2.0,53.0,105.0,79.0,4.3,Other,Other,Yes,3.0,44.0,Private,Trucking,Industrial & Energy,622765000.0
TrueAccord,Data Analysis,2.0,48.0,90.0,69.0,3.4,ca,ca,Yes,1.0,12.0,Private,Enterprise Software & Network Solutions,Technology,32230000.0
DRB Systems,Data Analysis,2.0,34.0,64.0,49.0,4.0,Other,Other,No,2.0,41.0,Private,Computer Hardware & Software,Technology,75000000.0
Corcentric,Data Analysis,2.0,42.0,76.0,59.0,3.7,Other,Other,Yes,2.0,29.0,Private,Enterprise Software & Network Solutions,Technology,175125000.0
Blend360,Data Science,1.0,43.0,82.0,62.5,4.6,Other,Other,No,1.0,23.0,Private,Consulting,Finance & Consulting,17790000.0
U.Group,Data Science,2.0,66.0,111.0,88.5,3.5,ny,va,No,2.0,6.0,Private,IT Services,Technology,37500000.0
Sandhills Global,Data Analysis,2.0,50.0,80.0,62.5,2.5,Other,Other,Yes,3.0,47.0,Private,Enterprise Software & Network Solutions,Technology,75000000.0
Systems Evolution Inc.,Data Analysis,2.0,91.0,138.0,114.5,4.7,ny,Other,No,2.0,33.0,Private,Consulting,Finance & Consulting,75000000.0
Eventbrite,Data Engineering,2.0,62.0,114.0,88.0,4.4,Other,ca,No,3.0,19.0,Public,Internet,Technology,300000000.0
Centro,Data Engineering,2.0,71.0,129.0,100.0,4.1,il,il,Yes,2.0,24.0,Private,Internet,Technology,300000000.0
comScore,Data Science,2.0,74.0,119.0,96.5,2.5,Other,va,No,3.0,26.0,Public,Advertising & Marketing,Finance & Consulting,1500000000.0
SullivanCotter,Data Analysis,2.0,55.0,97.0,76.0,4.2,Other,il,No,2.0,33.0,Private,Consulting,Finance & Consulting,104625000.0
NPD,Data Science,2.0,15.0,16.0,15.5,3.9,ny,ny,Yes,3.0,59.0,Private,Research & Development,Finance & Consulting,300000000.0
Service Express,Data Analysis,2.0,50.0,80.0,62.5,4.3,Other,Other,Yes,2.0,32.0,Private,Computer Hardware & Software,Technology,300000000.0
Genentech,Data Science,2.0,127.0,199.0,163.0,3.9,ca,ca,Yes,4.0,49.0,Private,Biotech & Pharmaceuticals,Healthcare & Education,10000000000.0
Rose International,Data Science,2.0,77.0,126.0,100.5,4.5,Other,Other,No,2.0,32.0,Private,Staffing & Outsourcing,Finance & Consulting,300000000.0
Clarity Insights,Data Science,2.0,92.0,149.0,121.0,4.2,Other,il,No,2.0,17.0,Private,IT Services,Technology,53350000.0
Blue Cross & Blue Shield of Rhode Island,Data Analysis,6.0,74.0,126.0,100.0,3.4,Other,Other,Yes,2.0,86.0,Public Service,Insurance Carriers,Finance & Consulting,306725000.0
Boys Town,Research,2.0,33.0,72.0,52.5,3.8,Other,Other,Yes,3.0,108.0,Public Service,Social Assistance,Other Services,1746380000.0
The HSC Health Care System,Data Analysis,1.0,37.0,63.0,50.0,3.3,Other,Other,Yes,2.0,142.0,Public Service,Health Care Services & Hospitals,Healthcare & Education,988425000.0
Pro-Sphere Tek,Data Engineering,2.0,67.0,119.0,93.0,3.4,Other,va,No,2.0,19.0,Private,Consulting,Finance & Consulting,75000000.0
Ameritas Life Insurance Corp,Data Science,2.0,72.0,117.0,94.5,3.0,Other,Other,No,3.0,138.0,Private,Insurance Agencies & Brokerages,Finance & Consulting,3500000000.0
Genworth,Data Science,2.0,78.0,126.0,102.0,3.7,Other,va,No,3.0,21.0,Public,Insurance Carriers,Finance & Consulting,7500000000.0
605,Data Science,2.0,92.0,149.0,121.0,5.0,ny,ny,Yes,1.0,9.0,Private,Computer Hardware & Software,Technology,43060000.0
Trace Data,Data Science,2.0,83.0,133.0,108.0,3.9,ca,ca,No,1.0,25.0,Private,Insurance Carriers,Finance & Consulting,17500000.0
Clearwater Analytics,Data Analysis,2.0,45.0,82.0,63.5,4.2,Other,Other,Yes,2.0,21.0,Private,Investment Banking & Asset Management,Finance & Consulting,75000000.0
NS8,Data Science,2.0,92.0,149.0,121.0,5.0,ca,Other,No,1.0,9.0,Private,IT Services,Technology,37500000.0
"SmartNews, Inc.",Data Science,2.0,92.0,149.0,121.0,4.6,ca,ca,Yes,1.0,13.0,Private,Internet,Technology,30370000.0
BWX Technologies,Data Science,2.0,70.0,122.0,96.0,3.5,Other,va,No,3.0,175.0,Public,Aerospace & Defense,Industrial & Energy,3125000000.0
PennyMac,Data Engineering,2.0,70.0,132.0,101.0,3.2,ca,ca,No,3.0,17.0,Public,Lending,Finance & Consulting,2696000000.0
Vermeer,Data Engineering,2.0,54.0,101.0,77.5,3.9,Other,Other,Yes,3.0,77.0,Private,Industrial Manufacturing,Industrial & Energy,1500000000.0
Cambridge Trust Company,Data Engineering,2.0,65.0,119.0,92.0,3.6,ma,ma,No,2.0,135.0,Public,Banks & Credit Unions,Finance & Consulting,75000000.0
Redapt,Data Analysis,2.0,50.0,80.0,62.5,3.6,Other,Other,Yes,2.0,29.0,Private,Computer Hardware & Software,Technology,300000000.0
L&T Infotech,Data Science,2.0,68.0,112.0,90.0,3.5,ca,Other,No,4.0,28.0,Public,IT Services,Technology,10000000000.0
OceanFirst Financial,Data Analysis,2.0,42.0,74.0,58.0,4.3,ny,Other,No,2.0,123.0,Public,Banks & Credit Unions,Finance & Consulting,7500000000.0
Northpointe Bank,Data Analysis,2.0,43.0,77.0,60.0,4.7,Other,Other,Yes,2.0,26.0,Private,Banks & Credit Unions,Finance & Consulting,251100000.0
Software Engineering Institute,Machine Learning,2.0,81.0,159.0,120.0,2.6,pa,pa,Yes,2.0,41.0,Public Service,Colleges & Universities,Healthcare & Education,330905000.0
Vanda Pharmaceuticals,Data Science,2.0,76.0,126.0,101.0,2.3,Other,Other,Yes,2.0,22.0,Public,Biotech & Pharmaceuticals,Healthcare & Education,300000000.0
Novetta,Data Science,4.0,108.0,176.0,142.0,4.0,va,va,No,2.0,13.0,Private,Enterprise Software & Network Solutions,Technology,300000000.0
Opinion Dynamics,Data Analysis,2.0,37.0,68.0,52.5,4.2,ca,ma,No,1.0,38.0,Private,Consulting,Finance & Consulting,17500000.0
Applied Information Sciences,Data Engineering,2.0,52.0,99.0,75.5,4.6,Other,va,No,2.0,43.0,Private,IT Services,Technology,75000000.0
Swiss Re,Data Science,4.0,105.0,173.0,139.0,3.7,ny,Other,No,4.0,162.0,Public,Insurance Agencies & Brokerages,Finance & Consulting,10000000000.0
WK Dickson,Others,3.0,39.0,82.0,60.5,4.4,Other,Other,No,2.0,96.0,Private,Architectural & Engineering Services,Finance & Consulting,37500000.0
Genentech,Others,1.0,88.0,162.0,125.0,3.9,ca,ca,Yes,4.0,49.0,Private,Biotech & Pharmaceuticals,Healthcare & Education,10000000000.0
MassMutual,Data Analysis,4.0,60.0,102.0,81.0,3.6,ma,ma,Yes,3.0,174.0,Private,Insurance Carriers,Finance & Consulting,10000000000.0
General Dynamics Information Technology,Data Analysis,2.0,55.0,99.0,77.0,3.4,Other,va,No,4.0,29.0,Private,IT Services,Technology,10000000000.0
ManTech,Data Engineering,2.0,67.0,117.0,92.0,4.1,va,va,Yes,3.0,57.0,Public,Research & Development,Finance & Consulting,1500000000.0
Novartis,Data Science,4.0,92.0,150.0,121.0,3.8,ma,Other,No,4.0,29.0,Public,Biotech & Pharmaceuticals,Healthcare & Education,10000000000.0
Autodesk,Data Engineering,7.0,116.0,209.0,162.5,4.0,ca,ca,No,3.0,43.0,Public,Computer Hardware & Software,Technology,3500000000.0
Southwest Research Institute,Research,2.0,38.0,82.0,60.0,3.9,Other,Other,Yes,3.0,78.0,Public Service,Research & Development,Finance & Consulting,402180000.0
CyberCoders,Data Science,2.0,77.0,126.0,100.5,4.2,va,ca,No,2.0,26.0,Private,Staffing & Outsourcing,Finance & Consulting,300000000.0
The Integer Group,Data Science,4.0,84.0,136.0,110.0,2.2,Other,Other,No,2.0,32.0,Private,Advertising & Marketing,Finance & Consulting,75000000.0
ManTech,Data Analysis,2.0,52.0,89.0,70.5,4.1,va,va,No,3.0,57.0,Public,Research & Development,Finance & Consulting,1500000000.0
McCarthy Building Co,Data Analysis,2.0,44.0,76.0,61.0,4.3,Other,Other,Yes,3.0,161.0,Private,Construction,Industrial & Energy,3500000000.0
PNNL,Data Science,2.0,56.0,97.0,76.5,3.8,Other,ny,No,3.0,60.0,Public Service,Energy,Industrial & Energy,529770000.0
MassMutual,Data Engineering,2.0,65.0,119.0,92.0,3.6,ma,ma,Yes,3.0,174.0,Private,Insurance Carriers,Finance & Consulting,10000000000.0
SciPlay,Data Engineering,2.0,79.0,140.0,107.0,4.0,Other,Other,No,2.0,27.0,Public,Video Games,Other Services,3018155000.0
Esri,Data Science,2.0,63.0,101.0,82.0,3.5,va,ca,No,3.0,56.0,Private,Computer Hardware & Software,Technology,1500000000.0
GovTech,Data Science,2.0,71.5,119.5,95.5,3.6,ca,Other,No,3.0,9.0,Public Service,Federal Agencies,Other Services,542290000.0
Samba TV,Data Science,2.0,127.0,202.0,164.5,3.3,ca,ca,Yes,2.0,17.0,Private,Advertising & Marketing,Finance & Consulting,103975000.0
SV Microwave,Data Analysis,2.0,31.0,57.0,44.0,3.4,Other,Other,Yes,2.0,34.0,Public,Telecommunications Manufacturing,Technology,75000000.0
Sumo Logic,Data Engineering,3.0,105.0,194.0,149.5,3.8,Other,ca,No,2.0,15.0,Private,Computer Hardware & Software,Technology,138825000.0
EAB,Data Engineering,1.0,45.0,86.0,65.5,3.5,Other,Other,Yes,3.0,18.0,Private,Research & Development,Finance & Consulting,555525000.0
Brighthouse Financial,Data Science,4.0,95.0,154.0,124.5,3.5,Other,Other,Yes,3.0,8.0,Public,Insurance Carriers,Finance & Consulting,4120000000.0
OSI Engineering,Data Analysis,2.0,43.0,77.0,60.0,4.4,ca,ca,No,1.0,15.0,Private,Staffing & Outsourcing,Finance & Consulting,37500000.0
Affinity Solutions,Data Engineering,3.0,80.0,148.0,114.0,2.9,ca,ny,No,1.0,27.0,Private,Advertising & Marketing,Finance & Consulting,54315000.0
Citadel Federal Credit Union,Data Analysis,2.0,36.0,62.0,49.0,3.9,pa,pa,Yes,2.0,88.0,Public Service,Banks & Credit Unions,Finance & Consulting,474525000.0
CALIBRE Systems,Data Analysis,2.0,50.0,92.0,71.0,3.7,va,va,Yes,2.0,36.0,Private,IT Services,Technology,300000000.0
Motorola Solutions,Data Analysis,2.0,42.0,80.0,61.0,3.7,il,il,Yes,4.0,97.0,Public,Computer Hardware & Software,Technology,7500000000.0
Reynolds American,Others,2.0,68.0,139.0,103.5,3.1,Other,Other,No,3.0,150.0,Private,Consumer Products Manufacturing,Industrial & Energy,10000000000.0
MassMutual,Data Analysis,5.0,34.0,92.0,63.0,3.6,ma,ma,Yes,3.0,174.0,Private,Insurance Carriers,Finance & Consulting,10000000000.0
Infosys,Data Analysis,2.0,54.0,71.0,62.5,3.0,Other,Other,No,4.0,44.0,Public,IT Services,Technology,10000000000.0
Alignment Healthcare,Data Engineering,2.0,65.0,124.0,94.5,3.5,ca,ca,Yes,2.0,12.0,Private,Health Care Services & Hospitals,Healthcare & Education,164000000.0
FrankCrum Staffing,Data Analysis,5.0,34.0,92.0,63.0,3.3,Other,Other,No,1.0,44.0,Private,Staffing & Outsourcing,Finance & Consulting,7500000.0
Sunovion,Others,4.0,109.0,200.0,154.5,3.5,ma,ma,Yes,3.0,15.0,Private,Biotech & Pharmaceuticals,Healthcare & Education,1500000000.0
Cboe Global Markets,Machine Learning,2.0,61.0,113.0,87.0,3.7,Other,il,No,2.0,52.0,Public,Stock Exchanges,Finance & Consulting,116250000.0
Guidepoint,Data Engineering,2.0,43.0,86.0,64.5,3.2,ny,ny,Yes,2.0,22.0,Private,Research & Development,Finance & Consulting,169050000.0
Maven Wave Partners,Data Science,4.0,97.0,160.0,128.5,4.4,il,il,Yes,2.0,17.0,Private,Consulting,Finance & Consulting,75000000.0
Vail Health,Medical/Healthcare,2.0,24.0,39.0,31.5,3.7,Other,Other,Yes,2.0,59.0,Public Service,Health Care Services & Hospitals,Healthcare & Education,300000000.0
"Qualifacts Systems, Inc.",Data Analysis,2.0,50.0,80.0,62.5,3.1,Other,Other,Yes,2.0,23.0,Private,Enterprise Software & Network Solutions,Technology,37500000.0
CALIBRE Systems,Data Analysis,2.0,50.0,80.0,62.5,3.7,va,ny,No,2.0,36.0,Private,IT Services,Technology,300000000.0
Amount,Data Science,2.0,92.0,149.0,121.0,4.1,il,il,Yes,2.0,10.0,Private,Enterprise Software & Network Solutions,Technology,120330000.0
AstraZeneca,Data Science,4.0,102.0,172.0,137.0,3.9,ny,Other,No,4.0,112.0,Public,Biotech & Pharmaceuticals,Healthcare & Education,10000000000.0
Pinnacol Assurance,Data Engineering,2.0,74.0,124.0,99.0,4.0,Other,Other,Yes,2.0,110.0,Public Service,Insurance Carriers,Finance & Consulting,347225000.0
MathWorks,Data Science,4.0,108.0,171.0,139.5,4.4,ma,ma,Yes,3.0,41.0,Private,Computer Hardware & Software,Technology,1500000000.0
MetroStar Systems,Data Engineering,2.0,76.0,142.0,109.0,3.4,Other,va,No,2.0,26.0,Private,IT Services,Technology,37500000.0
NJF Global Holdings,Data Engineering,2.0,65.0,119.0,92.0,4.1,ny,Other,No,1.0,22.0,Private,Staffing & Outsourcing,Finance & Consulting,17500000.0
Alector,Medical/Healthcare,5.0,68.0,125.0,96.5,5.0,ca,ca,Yes,1.0,12.0,Public,Biotech & Pharmaceuticals,Healthcare & Education,54190000.0
Audentes Therapeutics,Others,2.0,49.0,97.0,73.0,2.9,ca,ca,No,2.0,13.0,Private,Biotech & Pharmaceuticals,Healthcare & Education,124800000.0
Reynolds American,Others,2.0,65.0,134.0,99.5,3.1,Other,Other,Yes,3.0,150.0,Private,Consumer Products Manufacturing,Industrial & Energy,10000000000.0
National Interstate,Data Analysis,1.0,32.0,59.0,45.5,3.3,Other,Other,Yes,2.0,36.0,Private,Insurance Carriers,Finance & Consulting,259600000.0
Moser Consulting,Data Engineering,4.0,87.0,158.0,122.5,4.5,Other,Other,Yes,1.0,29.0,Private,Consulting,Finance & Consulting,37500000.0
TransUnion,Data Science,4.0,107.0,173.0,140.0,3.9,il,il,Yes,3.0,57.0,Public,Financial Analytics & Research,Finance & Consulting,1500000000.0
MITRE,Data Science,4.0,56.0,99.0,77.5,3.2,va,ma,No,3.0,67.0,Public Service,Federal Agencies,Other Services,1500000000.0
Pharmavite,Others,2.0,65.0,134.0,99.5,2.9,ca,ca,No,3.0,54.0,Private,Consumer Products Manufacturing,Industrial & Energy,1500000000.0
Reynolds American,Others,4.0,80.0,155.0,117.5,3.1,Other,Other,Yes,3.0,150.0,Private,Consumer Products Manufacturing,Industrial & Energy,10000000000.0
Crown Bioscience,Others,2.0,43.0,98.0,70.5,2.4,ca,ca,Yes,2.0,19.0,Private,Biotech & Pharmaceuticals,Healthcare & Education,75000000.0
HOVER,Data Analysis,5.0,45.0,78.0,61.5,4.8,ca,ca,Yes,1.0,14.0,Private,Computer Hardware & Software,Technology,37500000.0
Q2 Solutions,Others,1.0,44.0,96.0,70.0,2.9,ny,Other,No,3.0,10.0,Private,Biotech & Pharmaceuticals,Healthcare & Education,824125000.0
Q2 Solutions,Others,4.0,50.0,110.0,80.0,2.9,Other,Other,No,3.0,10.0,Private,Biotech & Pharmaceuticals,Healthcare & Education,637810000.0
Arbella Insurance,Data Engineering,2.0,61.0,119.0,90.0,3.4,ma,ma,Yes,3.0,37.0,Private,Insurance Carriers,Finance & Consulting,300000000.0
Software Engineering Institute,Others,2.0,56.0,91.0,73.5,2.6,pa,pa,Yes,2.0,41.0,Public Service,Colleges & Universities,Healthcare & Education,331130000.0
IGNW,Data Engineering,2.0,61.5,113.5,87.25,4.8,Other,Other,No,2.0,10.0,Private,IT Services,Technology,37500000.0
"SmartNews, Inc.",Machine Learning,3.0,138.0,224.0,181.0,4.6,ca,ca,Yes,1.0,13.0,Private,Internet,Technology,30515000.0
h2o.ai,Data Science,4.0,108.0,171.0,139.5,4.3,ny,ca,No,2.0,14.0,Private,Enterprise Software & Network Solutions,Technology,109150000.0
MassMutual,Others,2.0,101.0,158.0,129.5,3.6,ma,ma,No,3.0,174.0,Private,Insurance Carriers,Finance & Consulting,10000000000.0
Octane,Data Engineering,2.0,65.0,119.0,92.0,4.2,ny,ny,Yes,1.0,11.0,Private,Lending,Finance & Consulting,44655000.0
Pfizer,Data Science,5.0,125.0,210.0,167.5,4.0,ny,ny,Yes,4.0,176.0,Public,Biotech & Pharmaceuticals,Healthcare & Education,10000000000.0
Associated Banc-Corp,Data Analysis,2.0,43.0,77.0,60.0,3.8,Other,Other,Yes,3.0,155.0,Public,Banks & Credit Unions,Finance & Consulting,1500000000.0
Shine Systems,Others,4.0,118.0,228.0,173.0,3.6,va,va,No,1.0,17.0,Private,Consulting,Finance & Consulting,17560000.0
Zest AI,Data Science,6.0,139.0,221.0,180.0,3.9,ca,ca,Yes,1.0,16.0,Private,Financial Analytics & Research,Finance & Consulting,75000000.0
Genesys,Data Engineering,4.0,78.0,147.0,112.5,4.3,Other,ca,No,3.0,35.0,Private,Computer Hardware & Software,Technology,1500000000.0
Moda Operandi,Data Analysis,4.0,65.0,110.0,87.5,1.9,ny,ny,Yes,2.0,15.0,Private,"Department, Clothing, & Shoe Stores",Consumer & Retail,300000000.0
Liberty Mutual Insurance,Others,2.0,37.0,66.0,51.5,3.3,Other,ma,No,4.0,113.0,Private,Insurance Carriers,Finance & Consulting,10000000000.0
QK,Others,1.0,38.0,64.0,51.0,4.7,ca,ca,No,1.0,53.0,Private,Architectural & Engineering Services,Finance & Consulting,17500000.0
Santander,Data Science,1.0,43.0,82.0,62.5,3.1,ma,Other,No,4.0,169.0,Private,Banks & Credit Unions,Finance & Consulting,10000000000.0
Tivity Health,Data Engineering,4.0,90.0,110.0,100.0,3.4,Other,Other,No,2.0,44.0,Public,Health Care Services & Hospitals,Healthcare & Education,112475000.0
BRMi,Data Engineering,2.0,61.0,109.0,85.0,4.4,va,Other,No,1.0,21.0,Private,IT Services,Technology,18045000.0
Luminar Technologies,Data Science,4.0,93.0,151.0,122.0,3.9,Other,Other,Yes,2.0,13.0,Private,Computer Hardware & Software,Technology,155975000.0
"Emtec, Inc.",Data Analysis,2.0,52.0,81.0,66.5,3.9,il,Other,No,2.0,30.0,Private,Enterprise Software & Network Solutions,Technology,300000000.0
Veterans United Home Loans,Others,2.0,40.0,101.0,70.5,4.7,Other,Other,Yes,3.0,23.0,Private,Lending,Finance & Consulting,392570000.0
Praetorian,Data Engineering,4.0,97.0,180.0,138.5,4.7,Other,Other,Yes,1.0,15.0,Private,Security Services,Finance & Consulting,17500000.0
PA Consulting,Data Science,2.0,81.0,134.0,107.5,3.4,ma,Other,No,3.0,82.0,Private,Consulting,Finance & Consulting,300000000.0
Agios Pharmaceuticals,Others,2.0,84.0,157.0,120.5,3.8,ma,ma,Yes,2.0,17.0,Public,Biotech & Pharmaceuticals,Healthcare & Education,75000000.0
Glassdoor,Data Engineering,6.0,121.0,203.0,162.0,4.0,ca,ca,No,3.0,18.0,Private,Internet,Technology,672825000.0
Esri,Data Science,2.0,52.0,85.0,68.5,3.5,ca,ca,Yes,3.0,56.0,Private,Computer Hardware & Software,Technology,1500000000.0
Assurant,Data Science,4.0,81.0,140.0,110.5,3.4,Other,ny,No,4.0,47.0,Public,Insurance Carriers,Finance & Consulting,7500000000.0
"Collinwood Technology Partners, LLC",Data Engineering,4.0,78.0,147.0,112.5,4.7,il,il,No,1.0,11.0,Private,IT Services,Technology,3000000.0
PNNL,Data Science,4.0,60.0,101.0,80.5,3.8,Other,Other,Yes,3.0,60.0,Public Service,Energy,Industrial & Energy,726170000.0
FHLBank Pittsburgh,Data Analysis,2.0,43.0,77.0,60.0,3.7,pa,pa,Yes,2.0,93.0,Private,Banks & Credit Unions,Finance & Consulting,1500000000.0
GreatAmerica Financial Services,Data Analysis,2.0,31.0,55.0,43.0,4.6,Other,Other,Yes,2.0,33.0,Private,Lending,Finance & Consulting,300000000.0
AmeriHealth Caritas,Data Analysis,4.0,48.0,85.0,66.5,3.0,pa,pa,Yes,3.0,42.0,Private,Insurance Carriers,Finance & Consulting,7500000000.0
Strategic Employment Partners,Data Engineering,6.0,66.0,123.0,94.5,4.7,ca,ca,No,1.0,19.0,Private,Staffing & Outsourcing,Finance & Consulting,3000000.0
PNNL,Data Science,4.0,92.0,146.0,119.0,3.8,Other,Other,No,3.0,60.0,Public Service,Energy,Industrial & Energy,855265000.0
Catholic Health Initiatives,Medical/Healthcare,2.0,21.0,29.0,25.0,3.2,ny,Other,No,4.0,29.0,Public Service,Health Care Services & Hospitals,Healthcare & Education,10000000000.0
FLEETCOR,Data Analysis,4.0,10.0,17.0,13.5,2.7,Other,Other,No,3.0,25.0,Public,Financial Transaction Processing,Finance & Consulting,3500000000.0
Southwest Research Institute,Research,4.0,52.0,91.0,71.5,3.9,Other,Other,Yes,3.0,78.0,Public Service,Research & Development,Finance & Consulting,516260000.0
Reynolds American,Others,4.0,47.0,101.0,74.0,3.1,Other,Other,Yes,3.0,150.0,Private,Consumer Products Manufacturing,Industrial & Energy,10000000000.0
Raytheon,Data Analysis,2.0,49.0,76.0,62.5,3.7,Other,ma,No,4.0,103.0,Public,Aerospace & Defense,Industrial & Energy,10000000000.0
RTI International,Research,4.0,43.0,88.0,65.5,4.3,Other,Other,No,3.0,67.0,Public Service,Research & Development,Finance & Consulting,500550000.0
United BioSource,Data Analysis,4.0,52.0,93.0,72.5,2.1,pa,pa,Yes,3.0,22.0,Private,Biotech & Pharmaceuticals,Healthcare & Education,300000000.0
Figure Eight,Data Engineering,4.0,97.0,181.0,139.0,3.9,ca,ca,Yes,1.0,17.0,Public,Computer Hardware & Software,Technology,17500000.0
Senti Biosciences,Others,4.0,95.0,184.5,139.75,5.0,ca,ca,Yes,1.0,9.0,Private,Biotech & Pharmaceuticals,Healthcare & Education,10815000.0
Tapjoy,Data Engineering,4.0,100.0,173.0,136.5,3.9,ca,ca,Yes,2.0,18.0,Private,Internet,Technology,17500000.0
Fareportal,Data Science,1.0,53.0,96.0,74.5,3.8,ny,ny,Yes,3.0,23.0,Private,Travel Agencies,Other Services,3500000000.0
Reynolds American,Others,4.0,65.0,96.0,80.5,3.1,Other,Other,Yes,3.0,150.0,Private,Consumer Products Manufacturing,Industrial & Energy,10000000000.0
Sartorius,Data Science,2.0,56.0,95.0,75.5,3.5,Other,ny,No,3.0,155.0,Public,Biotech & Pharmaceuticals,Healthcare & Education,1500000000.0
Royce Geospatial,Data Science,2.0,75.0,127.0,101.0,5.0,va,ny,No,1.0,11.0,Private,Aerospace & Defense,Industrial & Energy,17500000.0
PNNL,Data Science,2.0,56.0,97.0,76.5,3.8,ny,Other,No,3.0,60.0,Public Service,Energy,Industrial & Energy,640615000.0
Citi,Data Science,2.0,94.0,139.0,116.5,3.6,Other,ny,No,4.0,213.0,Public,Investment Banking & Asset Management,Finance & Consulting,10000000000.0
Sage Intacct,Machine Learning,7.0,176.0,289.0,232.5,4.7,ca,ca,No,2.0,26.0,Private,Computer Hardware & Software,Technology,153575000.0
Scale AI,Data Science,2.0,92.0,149.0,120.5,3.5,ca,ca,Yes,1.0,9.0,Private,Enterprise Software & Network Solutions,Technology,10705000.0
Astreya,Data Engineering,4.0,78.0,147.0,112.5,3.4,ca,ca,No,3.0,24.0,Private,IT Services,Technology,75000000.0
Change Healthcare,Data Science,2.0,118.0,188.0,153.0,2.7,ca,Other,No,4.0,18.0,Public,IT Services,Technology,3890000000.0
MZ,Data Science,2.0,108.0,146.0,127.0,3.4,ca,ca,Yes,2.0,17.0,Private,Internet,Technology,46905000.0
HG Insights,Data Science,2.0,65.0,106.0,85.5,4.7,ca,ca,Yes,1.0,15.0,Private,Computer Hardware & Software,Technology,13355000.0
"1-800-FLOWERS.COM, Inc.",Data Science,2.0,55.0,98.0,76.5,2.8,ny,ny,Yes,3.0,49.0,Public,Wholesale,Finance & Consulting,1500000000.0
CBS Interactive,Data Science,2.0,94.0,162.0,128.0,3.5,ny,ca,No,3.0,33.0,Private,TV Broadcast & Cable Networks,Other Services,472910000.0
Samsung Research America,Data Engineering,3.0,126.0,228.0,177.0,3.7,ca,ca,Yes,3.0,37.0,Private,Computer Hardware & Software,Technology,75000000.0
Systems & Technology Research,Data Science,2.0,80.0,134.0,107.0,4.7,va,ma,No,2.0,15.0,Private,Aerospace & Defense,Industrial & Energy,300000000.0
Netskope,Data Science,2.0,120.0,189.0,154.5,4.1,ca,ca,Yes,2.0,13.0,Private,Enterprise Software & Network Solutions,Technology,135000000.0
"Pyramid Consulting, Inc.",Data Science,2.0,92.0,149.0,121.0,3.9,Other,Other,No,3.0,29.0,Private,Computer Hardware & Software,Technology,300000000.0
Leidos,Data Science,2.0,76.0,127.0,101.5,3.4,va,va,No,4.0,56.0,Public,Aerospace & Defense,Industrial & Energy,10000000000.0
Beckman Coulter Diagnostics,Data Analysis,2.0,54.0,92.0,73.0,3.6,ny,ca,No,4.0,90.0,Private,Health Care Products Manufacturing,Industrial & Energy,3500000000.0
OSI Engineering,Data Analysis,2.0,43.0,77.0,60.0,4.4,ny,ca,No,1.0,15.0,Private,Staffing & Outsourcing,Finance & Consulting,37500000.0
IHS Markit,Data Science,2.0,61.0,100.0,80.5,3.5,ny,Other,No,4.0,9.0,Public,Consulting,Finance & Consulting,3500000000.0
Biz2Credit Inc,Data Science,2.0,63.0,111.0,87.0,4.0,ny,ny,Yes,2.0,18.0,Private,Lending,Finance & Consulting,300000000.0
PeoplesBank,Data Science,2.0,75.0,126.0,100.5,4.2,ma,ma,Yes,2.0,140.0,Private,Banks & Credit Unions,Finance & Consulting,75000000.0
Capgemini,Data Science,5.0,110.0,184.0,147.0,3.8,ny,Other,No,4.0,58.0,Public,Enterprise Software & Network Solutions,Technology,10000000000.0
GNY Insurance Companies,Data Engineering,2.0,76.0,145.0,110.5,3.7,ny,ny,Yes,2.0,111.0,Private,Insurance Carriers,Finance & Consulting,300000000.0
Quality Consulting Group,Others,2.0,56.0,107.0,78.5,5.0,Other,Other,No,1.0,14.0,Private,Biotech & Pharmaceuticals,Healthcare & Education,3000000.0
Medidata Solutions,Data Science,4.0,94.0,153.0,123.5,4.3,ny,ny,Yes,3.0,26.0,Public,Enterprise Software & Network Solutions,Technology,4511000000.0
Healthfirst,Data Science,4.0,97.0,160.0,128.5,2.9,ny,ny,Yes,3.0,32.0,Public Service,Insurance Carriers,Finance & Consulting,461665000.0
HP Inc.,Data Engineering,2.0,49.0,97.0,73.0,4.0,Other,ca,No,4.0,86.0,Public,Computer Hardware & Software,Technology,9125000000.0
Quartet Health,Data Science,4.0,150.0,180.0,165.0,3.9,ny,ny,Yes,2.0,11.0,Private,Enterprise Software & Network Solutions,Technology,114830000.0
Success Academy Charter Schools,Data Analysis,2.0,42.0,77.0,59.5,3.1,ny,ny,Yes,3.0,19.0,Public Service,K-12 Education,Healthcare & Education,300000000.0
ExecOnline,Data Science,2.0,56.0,95.0,75.5,4.2,ny,ny,Yes,1.0,13.0,Private,Education Training Services,Healthcare & Education,55790000.0
Mteq,Machine Learning,2.0,62.0,112.0,87.0,4.0,va,va,No,2.0,71.0,Public,Aerospace & Defense,Industrial & Energy,300000000.0
AstraZeneca,Data Science,4.0,107.0,173.0,140.0,3.9,Other,Other,No,4.0,112.0,Public,Biotech & Pharmaceuticals,Healthcare & Education,10000000000.0
Brillient,Data Science,2.0,64.0,108.0,86.0,3.7,Other,va,No,2.0,19.0,Private,IT Services,Technology,37500000.0
Trace3,Data Engineering,2.0,55.0,105.0,80.0,3.4,Other,ca,No,2.0,23.0,Private,IT Services,Technology,1500000000.0
Northrop Grumman,Data Science,7.0,135.0,211.0,173.0,3.7,ca,va,No,4.0,86.0,Public,Aerospace & Defense,Industrial & Energy,10000000000.0
Saama Technologies Inc,Data Engineering,2.0,57.0,80.0,68.5,3.5,Other,ca,No,2.0,28.0,Private,Biotech & Pharmaceuticals,Healthcare & Education,124075000.0
Two Sigma,Data Science,2.0,129.0,215.0,172.0,4.4,ny,ny,Yes,3.0,24.0,Private,Investment Banking & Asset Management,Finance & Consulting,572410000.0
AstraZeneca,Others,7.0,63.0,127.0,95.0,3.9,Other,Other,No,4.0,112.0,Public,Biotech & Pharmaceuticals,Healthcare & Education,10000000000.0
MITRE,Data Science,2.0,50.0,89.0,69.5,3.2,ma,ma,Yes,3.0,67.0,Public Service,Federal Agencies,Other Services,1500000000.0
Strategic Financial Solutions,Data Science,2.0,71.0,124.0,97.5,4.0,ny,ny,Yes,2.0,18.0,Private,Consumer Product Rental,Consumer & Retail,184375000.0
"Remedy BPCI Partners, LLC.",Data Science,2.0,69.0,121.0,95.0,3.4,ny,Other,No,2.0,14.0,Private,Health Care Services & Hospitals,Healthcare & Education,126675000.0
The Climate Corporation,Data Science,7.0,150.0,238.0,194.0,3.2,ca,ca,Yes,2.0,19.0,Private,Enterprise Software & Network Solutions,Technology,105250000.0
Crossix Solutions,Data Science,2.0,77.0,132.0,104.5,3.5,ny,ny,Yes,2.0,20.0,Public,Advertising & Marketing,Finance & Consulting,498625000.0
Clarity Insights,Data Engineering,2.0,59.0,112.0,85.5,4.2,Other,il,No,2.0,17.0,Private,IT Services,Technology,68850000.0
NCSOFT,Data Engineering,2.0,79.0,147.0,113.0,3.1,ca,Other,No,3.0,28.0,Public,Video Games,Other Services,10000000000.0
CALIBRE Systems,Data Analysis,2.0,50.0,80.0,62.5,3.7,va,va,No,2.0,36.0,Private,IT Services,Technology,300000000.0
GSK,Others,2.0,62.0,119.0,90.5,3.9,ma,Other,No,4.0,195.0,Public,Biotech & Pharmaceuticals,Healthcare & Education,10000000000.0
Factual,Data Science,4.0,119.0,187.0,153.0,4.3,ca,ca,Yes,1.0,17.0,Private,Computer Hardware & Software,Technology,23865000.0
TriNet,Data Analysis,2.0,90.0,157.0,123.5,3.3,ca,ca,Yes,3.0,37.0,Public,Consulting,Finance & Consulting,3500000000.0
Signpost,Data Analysis,6.0,32.0,62.0,47.0,3.9,ny,ny,Yes,2.0,15.0,Private,Internet,Technology,17500000.0
Adobe,Data Science,2.0,116.0,208.0,162.0,4.0,ca,ca,Yes,4.0,43.0,Public,Computer Hardware & Software,Technology,7500000000.0
Sartorius,Data Science,4.0,102.0,165.0,133.5,3.5,Other,Other,No,3.0,155.0,Public,Biotech & Pharmaceuticals,Healthcare & Education,1500000000.0
Equian LLC,Data Engineering,4.0,76.0,142.0,109.0,3.2,Other,Other,No,3.0,21.0,Private,Health Care Services & Hospitals,Healthcare & Education,366625000.0
Information Builders,Machine Learning,2.0,91.0,159.0,125.0,3.2,ny,ny,Yes,3.0,50.0,Private,Computer Hardware & Software,Technology,1052430000.0
Novartis,Data Science,4.0,80.0,133.0,106.5,3.8,ma,Other,No,4.0,29.0,Public,Biotech & Pharmaceuticals,Healthcare & Education,10000000000.0
Beebe Healthcare,Medical/Healthcare,2.0,21.0,34.0,27.5,3.6,ny,Other,No,3.0,90.0,Public Service,Health Care Services & Hospitals,Healthcare & Education,300000000.0
The Hanover Insurance Group,Data Analysis,1.0,39.0,69.0,54.0,3.7,ma,ma,Yes,3.0,173.0,Public,Insurance Carriers,Finance & Consulting,7500000000.0
Greenway Health,Data Analysis,2.0,27.0,48.0,37.5,3.0,Other,Other,Yes,3.0,48.0,Private,Enterprise Software & Network Solutions,Technology,300000000.0
Fareportal,Data Analysis,2.0,36.0,71.0,53.5,3.8,ny,ny,Yes,3.0,23.0,Private,Travel Agencies,Other Services,3500000000.0
Confluent,Data Science,2.0,130.0,206.0,168.0,4.7,ca,ca,Yes,2.0,11.0,Private,Computer Hardware & Software,Technology,300000000.0
Life360,Data Analysis,4.0,99.0,178.0,138.5,3.9,ca,ca,Yes,1.0,17.0,Public,Computer Hardware & Software,Technology,59210000.0
IQVIA,Data Science,7.0,86.0,137.0,111.5,3.6,pa,ny,No,4.0,8.0,Public,Biotech & Pharmaceuticals,Healthcare & Education,3500000000.0
MassMutual,Data Science,5.0,37.0,100.0,68.5,3.6,ma,ma,No,3.0,174.0,Private,Insurance Carriers,Finance & Consulting,10000000000.0
GSK,Others,4.0,58.0,111.0,84.5,3.9,ma,Other,No,4.0,195.0,Public,Biotech & Pharmaceuticals,Healthcare & Education,10000000000.0
Eventbrite,Data Engineering,4.0,72.0,133.0,102.5,4.4,Other,ca,No,3.0,19.0,Public,Internet,Technology,300000000.0
Riverside Research Institute,Research,2.0,61.0,126.0,93.5,3.6,Other,va,No,2.0,58.0,Public Service,Federal Agencies,Other Services,75000000.0
Icon Health and Fitness,Data Analysis,2.0,33.0,61.0,47.0,3.1,Other,Other,Yes,3.0,48.0,Private,Consumer Products Manufacturing,Industrial & Energy,839125000.0
Shipt,Data Engineering,2.0,44.0,86.0,65.0,3.8,Other,Other,Yes,2.0,11.0,Private,Consumer Product Rental,Consumer & Retail,210700000.0
Novetta,Data Analysis,4.0,69.0,119.0,94.0,4.0,va,va,No,2.0,13.0,Private,Enterprise Software & Network Solutions,Technology,300000000.0
Novetta,Data Engineering,4.0,67.0,127.0,97.0,4.0,va,va,No,2.0,13.0,Private,Enterprise Software & Network Solutions,Technology,300000000.0
PACT Pharma,Medical/Healthcare,2.0,21.0,34.0,27.5,3.5,ca,ca,Yes,1.0,9.0,Private,Biotech & Pharmaceuticals,Healthcare & Education,7040000.0
MassMutual,Others,2.0,66.0,117.0,91.5,3.6,ny,ma,No,3.0,174.0,Private,Insurance Carriers,Finance & Consulting,10000000000.0
Liberty Mutual Insurance,Others,2.0,37.0,66.0,51.5,3.3,Other,ny,No,4.0,113.0,Private,Insurance Carriers,Finance & Consulting,10000000000.0
Demandbase,Data Analysis,4.0,90.0,153.0,121.5,4.5,ca,ca,Yes,2.0,19.0,Private,Computer Hardware & Software,Technology,300000000.0
Job Juncture,Machine Learning,2.0,61.0,113.0,87.0,4.7,ma,Other,No,3.0,33.0,Private,Staffing & Outsourcing,Finance & Consulting,500000.0
Santander,Data Science,1.0,43.0,82.0,62.5,3.1,ma,ny,No,4.0,169.0,Private,Banks & Credit Unions,Finance & Consulting,10000000000.0
IntraEdge,Data Engineering,2.0,42.0,79.0,60.5,3.4,Other,Other,No,2.0,23.0,Private,IT Services,Technology,75000000.0
Peraton,Data Engineering,2.0,84.0,153.0,118.5,3.3,va,va,No,3.0,8.0,Private,Aerospace & Defense,Industrial & Energy,1500000000.0
COUNTRY Financial,Data Engineering,2.0,44.0,73.0,58.5,3.8,il,il,Yes,3.0,100.0,Private,Insurance Carriers,Finance & Consulting,3500000000.0
Tapjoy,Data Science,5.0,40.0,87.0,63.5,3.9,ca,ca,Yes,2.0,18.0,Private,Internet,Technology,17500000.0
Mentor Graphics,Data Science,2.0,72.0,142.0,107.0,4.1,ca,Other,No,3.0,44.0,Public,Computer Hardware & Software,Technology,1500000000.0
ICW Group,Data Engineering,2.0,57.0,109.0,83.0,2.8,ca,ca,Yes,2.0,53.0,Private,Insurance Carriers,Finance & Consulting,201350000.0
Blue Owl,Data Science,2.0,92.0,149.0,121.0,4.5,ca,ca,Yes,1.0,9.0,Private,Internet,Technology,31415000.0
Exelixis,Research,1.0,59.0,116.0,87.5,3.0,ca,ca,Yes,2.0,31.0,Public,Biotech & Pharmaceuticals,Healthcare & Education,116625000.0
Exelixis,Others,4.0,71.0,129.0,100.0,3.0,ca,ca,Yes,2.0,31.0,Public,Biotech & Pharmaceuticals,Healthcare & Education,94450000.0
Grand Rounds,Data Science,5.0,171.0,272.0,221.5,4.2,ca,ca,Yes,2.0,14.0,Private,Health Care Services & Hospitals,Healthcare & Education,164850000.0
"SPINS, LLC",Data Engineering,2.0,65.0,126.0,95.5,3.5,il,il,Yes,2.0,30.0,Private,Consulting,Finance & Consulting,75000000.0
Catholic Health Initiatives,Medical/Healthcare,2.0,21.0,29.0,25.0,3.2,Other,Other,No,4.0,29.0,Public Service,Health Care Services & Hospitals,Healthcare & Education,10000000000.0
DTCC,Others,4.0,118.0,228.0,173.0,3.3,Other,ny,No,3.0,52.0,Private,Brokerage Services,Finance & Consulting,1500000000.0
DICK'S Sporting Goods - Corporate,Data Science,2.0,61.0,109.0,85.0,3.8,pa,pa,Yes,4.0,77.0,Public,Sporting Goods Stores,Consumer & Retail,7500000000.0
AstraZeneca,Data Science,7.0,113.0,182.0,147.5,3.9,Other,Other,No,4.0,112.0,Public,Biotech & Pharmaceuticals,Healthcare & Education,10000000000.0
Carilion Clinic,Data Engineering,2.0,58.0,104.0,81.0,3.7,va,va,Yes,4.0,126.0,Public Service,Health Care Services & Hospitals,Healthcare & Education,1500000000.0
DoubleVerify,Data Analysis,4.0,58.0,108.0,83.0,3.2,ny,ny,Yes,2.0,17.0,Private,Internet,Technology,98880000.0
Mitsubishi Electric Research Labs,Research,4.0,81.0,161.0,121.0,4.6,ma,ma,Yes,1.0,34.0,Private,Research & Development,Finance & Consulting,7500000.0
"Rodan and Fields, LLC",Data Analysis,2.0,61.0,110.0,85.5,2.2,ca,ca,Yes,2.0,23.0,Private,Beauty & Personal Accessories Stores,Consumer & Retail,138375000.0
Oportun. Inc,Data Science,5.0,66.0,130.0,98.0,3.8,Other,ca,No,3.0,20.0,Public,Lending,Finance & Consulting,3348000000.0
Mitsubishi Electric Research Labs,Research,7.0,115.0,220.0,167.5,4.6,ma,ma,Yes,1.0,34.0,Private,Research & Development,Finance & Consulting,7500000.0
Software Engineering Institute,Machine Learning,2.0,71.0,144.0,107.5,2.6,pa,pa,Yes,2.0,41.0,Public Service,Colleges & Universities,Healthcare & Education,319880000.0
DESC,Data Analysis,2.0,32.0,57.0,44.5,3.4,Other,Other,Yes,2.0,46.0,Public Service,Social Assistance,Other Services,37500000.0
Johns Hopkins Health Care,Data Analysis,4.0,79.0,136.0,107.5,3.3,Other,Other,No,3.0,136.0,Private,Health Care Services & Hospitals,Healthcare & Education,2479750000.0
Community Behavioral Health,Data Analysis,4.0,50.0,89.0,69.5,3.7,pa,pa,No,2.0,31.0,Private,Health Care Services & Hospitals,Healthcare & Education,384525000.0
Western Digital,Others,4.0,68.0,129.0,98.5,3.5,ca,ca,No,4.0,55.0,Public,Computer Hardware & Software,Technology,10000000000.0
Advanced BioScience Laboratories,Others,2.0,48.0,113.0,80.5,2.7,Other,Other,Yes,2.0,64.0,Private,Biotech & Pharmaceuticals,Healthcare & Education,37500000.0
FORMA THERAPEUTICS,Medical/Healthcare,2.0,27.0,47.0,37.0,3.8,ma,ma,Yes,1.0,17.0,Private,Biotech & Pharmaceuticals,Healthcare & Education,17500000.0
Raytheon,Software Engineering,3.0,74.0,124.0,99.0,3.7,Other,ma,No,4.0,103.0,Public,Aerospace & Defense,Industrial & Energy,10000000000.0
Agios Pharmaceuticals,Medical/Healthcare,5.0,68.0,125.0,96.5,3.8,ma,ma,Yes,2.0,17.0,Public,Biotech & Pharmaceuticals,Healthcare & Education,75000000.0
Bill.com,Data Science,4.0,107.0,172.0,139.5,3.8,ca,ca,Yes,2.0,19.0,Public,Financial Transaction Processing,Finance & Consulting,75000000.0
AstraZeneca,Others,2.0,61.0,123.0,92.0,3.9,Other,Other,No,4.0,112.0,Public,Biotech & Pharmaceuticals,Healthcare & Education,10000000000.0
TRANZACT,Data Science,2.0,87.0,141.0,114.0,3.6,Other,Other,Yes,3.0,36.0,Private,Advertising & Marketing,Finance & Consulting,344755000.0
Vbeyond Corporation,Data Science,2.0,77.0,126.0,100.5,4.4,Other,Other,No,2.0,19.0,Private,Staffing & Outsourcing,Finance & Consulting,7500000.0
Saama Technologies Inc,Data Engineering,2.0,57.0,80.0,68.5,3.5,Other,ny,No,2.0,28.0,Private,Biotech & Pharmaceuticals,Healthcare & Education,147300000.0
MITRE,Data Science,2.0,50.0,89.0,69.5,3.2,ma,ny,No,3.0,67.0,Public Service,Federal Agencies,Other Services,1500000000.0
Technosoft Corporation,Data Science,2.0,92.0,149.0,121.0,3.5,Other,Other,No,3.0,29.0,Private,IT Services,Technology,300000000.0
CompQsoft,Data Science,2.0,72.0,121.0,96.5,3.4,Other,Other,No,1.0,28.0,Private,Consulting,Finance & Consulting,17500000.0
Software Engineering Institute,Machine Learning,4.0,81.0,167.0,124.0,2.6,pa,ny,No,2.0,41.0,Public Service,Colleges & Universities,Healthcare & Education,218935000.0
GA Telesis,Data Analysis,2.0,44.0,76.0,61.0,3.8,Other,Other,Yes,2.0,23.0,Private,Aerospace & Defense,Industrial & Energy,137625000.0
Strategic Employment Partners,Data Science,2.0,77.0,126.0,100.5,4.7,ca,ca,No,1.0,19.0,Private,Staffing & Outsourcing,Finance & Consulting,3000000.0
Solugenix Corporation,Data Science,2.0,51.0,88.0,69.5,4.3,Other,ca,No,2.0,56.0,Private,IT Services,Technology,75000000.0
West Coast University,Data Science,2.0,101.0,141.0,121.0,2.6,ca,ca,Yes,4.0,28.0,Private,Colleges & Universities,Healthcare & Education,10000000000.0
SoftBank Robotics,Data Science,2.0,79.0,127.0,103.0,3.8,ca,Other,No,2.0,20.0,Private,Consumer Products Manufacturing,Industrial & Energy,37500000.0
Mathematica Policy Research,Data Science,2.0,77.0,126.0,100.5,3.3,Other,Other,No,3.0,39.0,Private,Consulting,Finance & Consulting,300000000.0
Eliassen Group,Data Science,2.0,77.0,126.0,100.5,4.5,Other,ma,No,3.0,36.0,Private,Staffing & Outsourcing,Finance & Consulting,300000000.0
MITRE,Data Science,1.0,81.0,132.0,106.5,3.2,va,ma,No,3.0,67.0,Public Service,Federal Agencies,Other Services,1500000000.0
SkySync,Data Science,4.0,120.0,140.0,130.0,5.0,Other,Other,Yes,1.0,14.0,Private,Computer Hardware & Software,Technology,16570000.0
"ConsultNet, LLC",Data Science,2.0,77.0,126.0,100.5,4.3,Other,Other,No,2.0,29.0,Private,Staffing & Outsourcing,Finance & Consulting,75000000.0
Medidata Solutions,Others,2.0,63.0,110.0,86.5,4.3,ny,ny,Yes,3.0,26.0,Public,Enterprise Software & Network Solutions,Technology,3944000000.0
Jobot,Data Science,2.0,77.0,126.0,100.5,5.0,ca,ca,No,1.0,7.0,Private,Staffing & Outsourcing,Finance & Consulting,37500000.0
"Creative Circle, LLC",Data Science,2.0,77.0,126.0,100.5,3.6,Other,ca,No,2.0,23.0,Public,Staffing & Outsourcing,Finance & Consulting,84075000.0
GTN Technical Staffing,Data Science,2.0,77.0,126.0,100.5,4.2,Other,Other,No,2.0,25.0,Private,Staffing & Outsourcing,Finance & Consulting,37500000.0
Miracle Software Systems,Data Science,2.0,92.0,149.0,121.0,3.3,Other,Other,No,1.0,31.0,Private,IT Services,Technology,75000000.0
23andMe,Others,4.0,59.0,125.0,92.0,4.0,ca,ca,No,2.0,19.0,Private,Biotech & Pharmaceuticals,Healthcare & Education,82125000.0
Fivestars,Data Engineering,2.0,62.0,113.0,87.5,3.9,ca,ca,Yes,2.0,14.0,Private,Internet,Technology,300000000.0
IQVIA,Data Science,7.0,86.0,137.0,111.5,3.6,pa,Other,No,4.0,8.0,Public,Biotech & Pharmaceuticals,Healthcare & Education,3500000000.0
Eventbrite,Data Engineering,4.0,72.0,133.0,102.5,4.4,ny,ca,No,3.0,19.0,Public,Internet,Technology,300000000.0
